{
  "project_info": {
    "project_number": "1023182084959",
    "firebase_url": "https://gasol-eb2b1.firebaseio.com",
    "project_id": "gasol-eb2b1",
    "storage_bucket": "gasol-eb2b1.appspot.com"
  },
  "client": [
    {
      "client_info": {
        "mobilesdk_app_id": "1:1023182084959:android:701611b70cbd60d2",
        "android_client_info": {
          "package_name": "hare.estudio.com.gaso_"
        }
      },
      "oauth_client": [
        {
          "client_id": "1023182084959-rpq1uao9vie8d7st1nmmj0gs59i0t8ku.apps.googleusercontent.com",
          "client_type": 1,
          "android_info": {
            "package_name": "hare.estudio.com.gaso_",
            "certificate_hash": "dce0dbee69c8d4b939d75842197d5cf52d525681"
          }
        },
        {
          "client_id": "1023182084959-b146nilde5rhhetc0snkrqp7121m2jd3.apps.googleusercontent.com",
          "client_type": 3
        }
      ],
      "api_key": [
        {
          "current_key": "AIzaSyCO_Ukk3-h4loMTzseGqfxgIyFpfnRrbLg"
        }
      ],
      "services": {
        "analytics_service": {
          "status": 1
        },
        "appinvite_service": {
          "status": 2,
          "other_platform_oauth_client": [
            {
              "client_id": "1023182084959-b146nilde5rhhetc0snkrqp7121m2jd3.apps.googleusercontent.com",
              "client_type": 3
            }
          ]
        },
        "ads_service": {
          "status": 2
        }
      }
    }
  ],
  "configuration_version": "1"
}